Time (seconds), Real Power Demand - PD (MW), Reactive Power Demand (MVAr), Substation V real (V), Substation V imag (V), LMP ($/MWh), LMP ($/MVAr)
1,100.111,34.9914, 375790, -7886.02, 24.2619, 0.0355322
3,100.119,34.9912, 375790, -7888.5, 24.2625, 0.0355338
901,100.121,34.9913, 375789, -7888.95, 24.2626, 0.0355343
2101,100.123,34.9913, 375789, -7889.68, 24.2627, 0.0355349
2258,100.125,34.9922, 375789, -7890.38, 24.2629, 0.0355375
2401,100.121,34.9922, 375789, -7888.93, 24.2626, 0.0355363
2402,100.118,34.9913, 375790, -7888.24, 24.2624, 0.0355338
2701,100.124,34.9913, 375789, -7889.9, 24.2628, 0.0355352
3000,100.126,34.9922, 375789, -7890.55, 24.2629, 0.0355377
3001,100.121,34.9923, 375789, -7888.92, 24.2626, 0.0355364
3168,100.118,34.9913, 375790, -7888.15, 24.2624, 0.0355338
3301,100.123,34.9913, 375789, -7889.6, 24.2627, 0.0355349
3735,100.124,34.9923, 375789, -7889.98, 24.2628, 0.0355373
3902,100.121,34.9914, 375789, -7889, 24.2626, 0.0355346
4443,100.123,34.9923, 375789, -7889.77, 24.2628, 0.0355372
4616,100.122,34.9914, 375789, -7889.32, 24.2627, 0.0355349
4801,100.119,34.9914, 375789, -7888.58, 24.2625, 0.0355343
5130,100.123,34.9923, 375789, -7889.56, 24.2627, 0.0355371
5306,100.12,34.9914, 375789, -7888.84, 24.2626, 0.0355346
5401,100.121,34.9914, 375789, -7889.19, 24.2626, 0.0355348
5546,100.124,34.9924, 375789, -7889.92, 24.2628, 0.0355375
5702,100.121,34.9914, 375789, -7889.07, 24.2626, 0.0355348
5711,100.124,34.9926, 375789, -7889.97, 24.2628, 0.035538
5793,100.126,34.9936, 375789, -7890.65, 24.263, 0.0355406
5871,100.123,34.9924, 375789, -7889.75, 24.2628, 0.0355373
5972,100.121,34.9914, 375789, -7889.04, 24.2626, 0.0355347
6001,100.118,34.9914, 375789, -7888.18, 24.2624, 0.035534
6104,100.122,34.993, 375789, -7889.38, 24.2627, 0.0355384
6230,100.124,34.994, 375789, -7890.11, 24.2629, 0.0355411
6295,100.12,34.9924, 375789, -7888.9, 24.2626, 0.0355367
6301,100.123,34.9924, 375789, -7889.61, 24.2627, 0.0355372
6361,100.12,34.9914, 375789, -7888.87, 24.2626, 0.0355346
6434,100.123,34.9923, 375789, -7889.58, 24.2627, 0.0355371
6515,100.126,34.9937, 375789, -7890.58, 24.263, 0.0355409
6541,100.129,34.995, 375789, -7891.48, 24.2632, 0.0355442
6601,100.132,34.995, 375789, -7892.63, 24.2634, 0.0355452
6602,100.13,34.994, 375789, -7891.93, 24.2633, 0.0355427
6661,100.124,34.9915, 375789, -7889.98, 24.2628, 0.0355355
6668,100.126,34.9924, 375789, -7890.72, 24.263, 0.0355381
6743,100.129,34.9934, 375789, -7891.45, 24.2632, 0.0355408
6793,100.126,34.9924, 375789, -7890.7, 24.263, 0.0355381
6901,100.124,34.9924, 375789, -7890.17, 24.2629, 0.0355377
6902,100.122,34.9914, 375789, -7889.43, 24.2627, 0.035535
6940,100.126,34.993, 375789, -7890.63, 24.263, 0.0355394
7024,100.128,34.994, 375789, -7891.34, 24.2631, 0.035542
7101,100.136,34.997, 375788, -7893.63, 24.2637, 0.0355504
7129,100.139,34.9983, 375788, -7894.53, 24.2639, 0.0355538
7146,100.135,34.9967, 375788, -7893.3, 24.2636, 0.0355494
7156,100.138,34.9979, 375788, -7894.26, 24.2638, 0.0355528
7201,100.14,34.9979, 375788, -7894.94, 24.264, 0.0355534
7202,100.138,34.997, 375788, -7894.24, 24.2638, 0.0355508
7260,100.13,34.9937, 375789, -7891.78, 24.2632, 0.0355418
7289,100.127,34.9924, 375789, -7890.82, 24.263, 0.0355382
7296,100.129,34.9934, 375789, -7891.57, 24.2632, 0.0355409
7306,100.132,34.9948, 375789, -7892.61, 24.2634, 0.0355448
7429,100.13,34.9938, 375789, -7891.86, 24.2632, 0.0355421
7484,100.127,34.9928, 375789, -7891.09, 24.2631, 0.0355393
7489,100.124,34.9914, 375789, -7890.05, 24.2628, 0.0355355
7605,100.127,34.9923, 375789, -7891.06, 24.2631, 0.0355383
7662,100.131,34.994, 375789, -7892.26, 24.2633, 0.0355427
7672,100.134,34.9952, 375789, -7893.17, 24.2636, 0.0355461
7797,100.132,34.9943, 375789, -7892.46, 24.2634, 0.0355436
7801,100.129,34.9943, 375789, -7891.62, 24.2632, 0.0355429
7802,100.122,34.9914, 375789, -7889.49, 24.2627, 0.0355351
7836,100.125,34.9924, 375789, -7890.25, 24.2629, 0.0355377
7857,100.127,34.9934, 375789, -7890.99, 24.263, 0.0355404
7863,100.13,34.9946, 375789, -7891.94, 24.2633, 0.0355439
7976,100.128,34.9937, 375789, -7891.17, 24.2631, 0.0355412
8005,100.125,34.9924, 375789, -7890.22, 24.2629, 0.0355377
8046,100.132,34.9954, 375789, -7892.5, 24.2634, 0.035546
8047,100.135,34.9968, 375788, -7893.54, 24.2636, 0.0355499
8090,100.133,34.9959, 375788, -7892.8, 24.2635, 0.0355473
8096,100.137,34.9976, 375788, -7894.13, 24.2638, 0.0355521
8101,100.141,34.9977, 375788, -7895.47, 24.2641, 0.0355533
8165,100.144,34.9989, 375788, -7896.39, 24.2643, 0.0355566
8166,100.14,34.9972, 375788, -7895.13, 24.264, 0.0355521
8167,100.137,34.9958, 375788, -7894.08, 24.2638, 0.0355482
8172,100.141,34.9974, 375788, -7895.31, 24.264, 0.0355526
8187,100.143,34.9984, 375788, -7896.01, 24.2642, 0.0355552
8216,100.139,34.9966, 375788, -7894.69, 24.2639, 0.0355504
8276,100.144,34.9987, 375788, -7896.25, 24.2643, 0.0355561
8299,100.141,34.9973, 375788, -7895.21, 24.264, 0.0355524
8334,100.143,34.9983, 375788, -7895.96, 24.2642, 0.035555
8357,100.14,34.9971, 375788, -7895.05, 24.264, 0.0355517
8384,100.138,34.9962, 375788, -7894.34, 24.2638, 0.0355491
8402,100.133,34.9945, 375789, -7892.94, 24.2635, 0.0355445
8425,100.128,34.9924, 375789, -7891.37, 24.2631, 0.0355387
8438,100.131,34.9933, 375789, -7892.12, 24.2633, 0.0355413
8443,100.134,34.9945, 375789, -7893.02, 24.2635, 0.0355446
8461,100.131,34.9936, 375789, -7892.27, 24.2633, 0.0355419
8462,100.134,34.9948, 375789, -7893.22, 24.2636, 0.0355454
8561,100.138,34.9962, 375788, -7894.25, 24.2638, 0.0355492
8563,100.135,34.9951, 375789, -7893.35, 24.2636, 0.035546
8610,100.132,34.9938, 375789, -7892.39, 24.2634, 0.0355425
8681,100.129,34.9928, 375789, -7891.65, 24.2632, 0.0355397
8702,100.126,34.9914, 375789, -7890.54, 24.2629, 0.0355358
8712,100.133,34.9944, 375789, -7892.84, 24.2635, 0.0355442
8746,100.136,34.9957, 375788, -7893.75, 24.2637, 0.0355476
8752,100.142,34.9984, 375788, -7895.79, 24.2642, 0.035555
8768,100.145,34.9994, 375788, -7896.55, 24.2643, 0.0355579
8810,100.149,35.0011, 375787, -7897.77, 24.2646, 0.0355624
8846,100.152,35.0025, 375787, -7898.81, 24.2649, 0.0355663
8872,100.148,35.0007, 375787, -7897.49, 24.2646, 0.0355614
8912,100.141,34.9976, 375788, -7895.21, 24.264, 0.035553
8919,100.138,34.9966, 375788, -7894.46, 24.2638, 0.0355502
8944,100.135,34.9954, 375788, -7893.54, 24.2636, 0.0355468
8951,100.138,34.9965, 375788, -7894.38, 24.2638, 0.0355498
8954,100.136,34.9956, 375788, -7893.67, 24.2637, 0.0355473
8987,100.132,34.9942, 375789, -7892.63, 24.2634, 0.0355435
9001,100.138,34.9942, 375789, -7894.34, 24.2638, 0.0355448
9002,100.134,34.9925, 375789, -7893.12, 24.2635, 0.0355404
9004,100.137,34.9938, 375789, -7894.08, 24.2638, 0.0355438
9007,100.139,34.9948, 375788, -7894.82, 24.2639, 0.0355465
9022,100.144,34.9968, 375788, -7896.39, 24.2643, 0.0355523
9071,100.142,34.9958, 375788, -7895.55, 24.2641, 0.0355493
9077,100.145,34.9971, 375788, -7896.6, 24.2643, 0.0355531
9115,100.148,34.9984, 375788, -7897.5, 24.2645, 0.0355564
9158,100.145,34.9971, 375788, -7896.54, 24.2643, 0.0355529
9181,100.14,34.995, 375788, -7894.97, 24.264, 0.0355472
9219,100.142,34.9959, 375788, -7895.74, 24.2641, 0.0355498
9237,100.139,34.9948, 375788, -7894.84, 24.2639, 0.0355465
9261,100.137,34.9938, 375789, -7894.1, 24.2638, 0.0355438
9285,100.134,34.9924, 375789, -7893.05, 24.2635, 0.03554
9293,100.138,34.9941, 375789, -7894.39, 24.2638, 0.0355448
9299,100.14,34.9951, 375788, -7895.1, 24.264, 0.0355475
9303,100.144,34.9963, 375788, -7896.22, 24.2642, 0.035551
9341,100.145,34.997, 375788, -7896.69, 24.2644, 0.0355528
9365,100.148,34.9981, 375788, -7897.57, 24.2646, 0.035556
9410,100.15,34.9991, 375788, -7898.3, 24.2647, 0.0355587
9411,100.156,35.0014, 375787, -7899.97, 24.2651, 0.0355648
9413,100.152,34.9996, 375787, -7898.64, 24.2648, 0.03556
9417,100.154,35.0007, 375787, -7899.48, 24.265, 0.035563
9419,100.152,34.9998, 375787, -7898.77, 24.2648, 0.0355605
9424,100.155,35.0011, 375787, -7899.81, 24.2651, 0.0355642
9483,100.163,35.0042, 375787, -7902.11, 24.2656, 0.0355727
9509,100.157,35.0019, 375787, -7900.31, 24.2652, 0.0355663
9510,100.16,35.0031, 375787, -7901.27, 24.2654, 0.0355697
9521,100.163,35.0043, 375787, -7902.11, 24.2656, 0.0355728
9536,100.16,35.0033, 375787, -7901.37, 24.2654, 0.0355702
9555,100.158,35.0022, 375787, -7900.53, 24.2652, 0.0355671
9567,100.16,35.0031, 375787, -7901.28, 24.2654, 0.0355697
9572,100.157,35.0018, 375787, -7900.24, 24.2652, 0.0355659
9589,100.159,35.0027, 375787, -7901, 24.2654, 0.0355686
9596,100.155,35.0011, 375787, -7899.78, 24.2651, 0.0355642
9602,100.149,34.9989, 375788, -7897.89, 24.2646, 0.0355578
9603,100.142,34.9958, 375788, -7895.59, 24.2641, 0.0355493
9632,100.139,34.9945, 375789, -7894.62, 24.2639, 0.0355458
9641,100.136,34.9933, 375789, -7893.78, 24.2637, 0.0355426
9651,100.141,34.9954, 375788, -7895.35, 24.264, 0.0355483
9667,100.143,34.9964, 375788, -7896.06, 24.2642, 0.035551
9674,100.146,34.9976, 375788, -7896.97, 24.2644, 0.0355543
9751,100.145,34.997, 375788, -7896.52, 24.2643, 0.0355528
9772,100.149,34.9988, 375788, -7897.85, 24.2646, 0.0355576
9802,100.146,34.9976, 375788, -7896.94, 24.2644, 0.0355544
9820,100.141,34.9955, 375788, -7895.37, 24.2641, 0.0355486
9840,100.145,34.9972, 375788, -7896.69, 24.2644, 0.0355534
9842,100.148,34.9985, 375788, -7897.6, 24.2646, 0.0355567
9881,100.151,34.9995, 375788, -7898.36, 24.2647, 0.0355595
9887,100.148,34.9985, 375788, -7897.65, 24.2646, 0.0355569
9892,100.144,34.9967, 375788, -7896.31, 24.2643, 0.035552
9901,100.148,34.9967, 375788, -7897.55, 24.2646, 0.0355529
9902,100.145,34.9953, 375788, -7896.5, 24.2643, 0.0355491
9915,100.148,34.9966, 375788, -7897.46, 24.2645, 0.0355526
9943,100.152,34.9982, 375788, -7898.69, 24.2648, 0.0355571
9949,100.155,34.9996, 375787, -7899.73, 24.2651, 0.0355609
9960,100.151,34.9979, 375788, -7898.41, 24.2648, 0.0355562
9962,100.148,34.9967, 375788, -7897.5, 24.2645, 0.0355528
9979,100.151,34.9978, 375788, -7898.39, 24.2647, 0.035556
9981,100.153,34.9988, 375788, -7899.12, 24.2649, 0.0355587
9988,100.156,34.9999, 375787, -7899.97, 24.2651, 0.0355618
9995,100.163,35.003, 375787, -7902.27, 24.2656, 0.0355702
10017,100.166,35.0042, 375786, -7903.12, 24.2658, 0.0355735
10083,100.163,35.0029, 375787, -7902.16, 24.2656, 0.03557
10104,100.16,35.0015, 375787, -7901.13, 24.2654, 0.0355662
10108,100.157,35.0004, 375787, -7900.29, 24.2652, 0.035563
10118,100.154,34.9994, 375787, -7899.56, 24.265, 0.0355603
10138,100.152,34.9982, 375788, -7898.68, 24.2648, 0.0355571
10168,100.149,34.9971, 375788, -7897.83, 24.2646, 0.035554
10180,100.152,34.9983, 375788, -7898.74, 24.2648, 0.0355572
10181,100.149,34.9973, 375788, -7897.99, 24.2647, 0.0355545
10190,100.152,34.9982, 375788, -7898.7, 24.2648, 0.0355571
10196,100.157,35.0004, 375787, -7900.36, 24.2652, 0.0355631
10201,100.158,35.0004, 375787, -7900.7, 24.2653, 0.0355635
10202,100.147,34.9958, 375788, -7897.17, 24.2645, 0.0355506
10209,100.151,34.9975, 375788, -7898.51, 24.2648, 0.0355553
10223,100.156,34.9996, 375787, -7900.08, 24.2651, 0.0355611
10272,100.16,35.001, 375787, -7901.14, 24.2654, 0.0355651
10297,100.165,35.0033, 375787, -7902.81, 24.2658, 0.0355712
10300,100.162,35.0021, 375787, -7901.91, 24.2656, 0.0355681
10318,100.154,34.999, 375787, -7899.57, 24.265, 0.0355595
10329,100.15,34.9972, 375788, -7898.24, 24.2647, 0.0355544
10379,100.153,34.9984, 375788, -7899.2, 24.2649, 0.0355579
10399,100.151,34.9974, 375788, -7898.47, 24.2648, 0.0355552
10427,100.153,34.9984, 375788, -7899.22, 24.2649, 0.0355579
10437,100.157,34.9998, 375787, -7900.26, 24.2652, 0.0355617
10463,100.159,35.0008, 375787, -7901, 24.2653, 0.0355644
10475,100.166,35.0035, 375787, -7903.06, 24.2658, 0.035572
10497,100.162,35.0022, 375787, -7902.01, 24.2656, 0.0355682
10502,100.155,34.9987, 375788, -7899.64, 24.265, 0.0355588
10503,100.157,34.9998, 375787, -7900.52, 24.2652, 0.0355619
10520,100.159,35.0003, 375787, -7900.9, 24.2653, 0.0355633
10528,100.161,35.0014, 375787, -7901.74, 24.2655, 0.0355664
10531,100.164,35.0024, 375787, -7902.45, 24.2657, 0.035569
10534,100.167,35.0036, 375787, -7903.38, 24.2659, 0.0355724
10561,100.161,35.0012, 375787, -7901.58, 24.2655, 0.0355659
10595,100.152,34.9975, 375788, -7898.8, 24.2648, 0.0355556
10614,100.156,34.9992, 375787, -7900.14, 24.2651, 0.0355604
10621,100.159,35.0005, 375787, -7901.04, 24.2654, 0.0355638
10653,100.167,35.0035, 375787, -7903.35, 24.2659, 0.0355722
10674,100.164,35.0024, 375787, -7902.46, 24.2657, 0.0355691
10691,100.161,35.0013, 375787, -7901.62, 24.2655, 0.035566
10733,100.164,35.0025, 375787, -7902.58, 24.2657, 0.0355695
10734,100.16,35.0008, 375787, -7901.24, 24.2654, 0.0355646
10738,100.162,35.0017, 375787, -7901.99, 24.2656, 0.0355673
10755,100.167,35.0038, 375786, -7903.57, 24.2659, 0.035573
10757,100.164,35.0027, 375787, -7902.67, 24.2657, 0.0355698
10765,100.167,35.0036, 375787, -7903.42, 24.2659, 0.0355725
10767,100.164,35.0024, 375787, -7902.51, 24.2657, 0.0355692
10771,100.162,35.0015, 375787, -7901.8, 24.2655, 0.0355666
10777,100.164,35.0026, 375787, -7902.64, 24.2657, 0.0355696
10801,100.169,35.0026, 375787, -7904.14, 24.2661, 0.0355709
10802,100.158,34.9979, 375788, -7900.61, 24.2652, 0.035558
10819,100.161,34.9991, 375787, -7901.59, 24.2655, 0.0355614
10829,100.164,35.0005, 375787, -7902.64, 24.2657, 0.0355653
10841,100.168,35.0019, 375787, -7903.69, 24.266, 0.0355691
10861,100.162,34.9997, 375787, -7901.99, 24.2656, 0.035563
10877,100.165,35.0006, 375787, -7902.75, 24.2657, 0.0355655
10900,100.159,34.9985, 375787, -7901.15, 24.2654, 0.0355598
10939,100.156,34.9972, 375788, -7900.16, 24.2651, 0.0355561
10940,100.151,34.9951, 375788, -7898.59, 24.2648, 0.0355503
10986,100.154,34.9962, 375788, -7899.47, 24.265, 0.0355534
10993,100.158,34.998, 375788, -7900.81, 24.2653, 0.0355584
10994,100.161,34.999, 375787, -7901.55, 24.2655, 0.0355611
10995,100.165,35.0008, 375787, -7902.87, 24.2658, 0.035566
11025,100.17,35.0028, 375787, -7904.34, 24.2661, 0.0355714
11034,100.167,35.0018, 375787, -7903.61, 24.2659, 0.0355688
11037,100.17,35.0028, 375787, -7904.32, 24.2661, 0.0355714
11043,100.173,35.004, 375786, -7905.24, 24.2663, 0.0355748
11062,100.176,35.0052, 375786, -7906.17, 24.2665, 0.0355781
11077,100.179,35.0065, 375786, -7907.15, 24.2668, 0.0355816
11078,100.175,35.0051, 375786, -7906.1, 24.2665, 0.0355778
11089,100.178,35.0061, 375786, -7906.85, 24.2667, 0.0355805
11101,100.184,35.0077, 375785, -7908.95, 24.2672, 0.0355858
11109,100.182,35.0066, 375786, -7908.06, 24.267, 0.0355826
11113,100.177,35.0048, 375786, -7906.73, 24.2667, 0.0355777
11114,100.175,35.0038, 375786, -7905.98, 24.2665, 0.0355749
11115,100.171,35.002, 375787, -7904.67, 24.2662, 0.03557
11132,100.173,35.0031, 375786, -7905.52, 24.2664, 0.0355731
11137,100.177,35.0048, 375786, -7906.76, 24.2667, 0.0355776
11148,100.179,35.0056, 375786, -7907.4, 24.2668, 0.03558
11161,100.177,35.0047, 375786, -7906.69, 24.2667, 0.0355775
11163,100.174,35.0035, 375786, -7905.77, 24.2664, 0.0355741
11171,100.172,35.0023, 375787, -7904.94, 24.2662, 0.035571
11203,100.166,34.9998, 375787, -7903.08, 24.2658, 0.0355641
11237,100.162,34.9982, 375787, -7901.86, 24.2655, 0.0355595
11265,100.164,34.9991, 375787, -7902.62, 24.2657, 0.0355621
11277,100.167,35.0005, 375787, -7903.66, 24.266, 0.035566
11289,100.163,34.9989, 375787, -7902.41, 24.2657, 0.0355615
11297,100.166,34.9998, 375787, -7903.15, 24.2658, 0.0355641
11339,100.171,35.0019, 375787, -7904.76, 24.2662, 0.03557
11344,100.174,35.0032, 375786, -7905.67, 24.2664, 0.0355734
11354,100.178,35.005, 375786, -7907.01, 24.2667, 0.0355783
11381,100.171,35.002, 375787, -7904.7, 24.2662, 0.03557
11399,100.174,35.0033, 375786, -7905.76, 24.2664, 0.0355737
11401,100.177,35.0033, 375786, -7906.65, 24.2666, 0.0355745
11402,100.171,35.001, 375787, -7904.86, 24.2662, 0.035568
11403,100.174,35.0022, 375786, -7905.82, 24.2664, 0.0355714
11425,100.178,35.0039, 375786, -7907.07, 24.2667, 0.0355761
11433,100.182,35.0053, 375786, -7908.05, 24.267, 0.0355798
11451,100.184,35.0064, 375786, -7908.9, 24.2672, 0.0355829
11458,100.179,35.0043, 375786, -7907.33, 24.2668, 0.0355771
11459,100.174,35.0021, 375787, -7905.73, 24.2664, 0.0355712
11463,100.178,35.0038, 375786, -7907.06, 24.2667, 0.0355759
11464,100.175,35.0027, 375786, -7906.14, 24.2665, 0.0355726
11474,100.171,35.0008, 375787, -7904.8, 24.2662, 0.0355677
11484,100.176,35.003, 375786, -7906.48, 24.2666, 0.0355737
11489,100.179,35.0042, 375786, -7907.33, 24.2668, 0.0355769
11491,100.182,35.0054, 375786, -7908.23, 24.267, 0.0355802
11553,100.178,35.0037, 375786, -7906.95, 24.2667, 0.0355755
11583,100.174,35.0019, 375787, -7905.64, 24.2664, 0.0355706
11598,100.171,35.0006, 375787, -7904.68, 24.2662, 0.0355671
11619,100.168,34.9996, 375787, -7903.93, 24.266, 0.0355643
11622,100.171,35.0005, 375787, -7904.64, 24.2662, 0.0355668
11626,100.168,34.9994, 375787, -7903.8, 24.266, 0.0355638
11627,100.171,35.0008, 375787, -7904.85, 24.2662, 0.0355675
11633,100.168,34.9997, 375787, -7904, 24.266, 0.0355645
11641,100.171,35.0006, 375787, -7904.75, 24.2662, 0.0355672
11652,100.175,35.0025, 375786, -7906.12, 24.2665, 0.0355722
11664,100.178,35.0037, 375786, -7907, 24.2667, 0.0355755
11701,100.181,35.0037, 375786, -7907.91, 24.2669, 0.0355763
11702,100.174,35.0006, 375787, -7905.6, 24.2664, 0.0355679
11761,100.163,34.9961, 375788, -7902.19, 24.2656, 0.0355554
11766,100.168,34.9981, 375787, -7903.77, 24.266, 0.035561
11779,100.172,34.9999, 375787, -7905.09, 24.2663, 0.0355659
11781,100.179,35.003, 375786, -7907.4, 24.2668, 0.0355744
11784,100.177,35.0019, 375786, -7906.51, 24.2666, 0.0355713
11823,100.172,35.0001, 375787, -7905.18, 24.2663, 0.0355663
11827,100.175,35.001, 375787, -7905.93, 24.2665, 0.035569
11834,100.177,35.002, 375786, -7906.68, 24.2666, 0.0355717
11838,100.18,35.0033, 375786, -7907.64, 24.2669, 0.0355753
11839,100.183,35.0045, 375786, -7908.49, 24.2671, 0.0355784
11853,100.187,35.0061, 375786, -7909.73, 24.2673, 0.035583
11895,100.19,35.0073, 375785, -7910.59, 24.2675, 0.0355862
11898,100.194,35.0091, 375785, -7911.9, 24.2679, 0.035591
11911,100.197,35.0103, 375785, -7912.82, 24.2681, 0.0355944
11930,100.2,35.0115, 375785, -7913.74, 24.2683, 0.0355978
11931,100.202,35.0125, 375784, -7914.45, 24.2684, 0.0356004
11938,100.197,35.0103, 375785, -7912.82, 24.2681, 0.0355945
11954,100.199,35.0113, 375785, -7913.56, 24.2682, 0.0355971
11956,100.202,35.0126, 375784, -7914.54, 24.2685, 0.0356007
11962,100.206,35.0143, 375784, -7915.77, 24.2687, 0.0356053
11965,100.201,35.0122, 375784, -7914.2, 24.2684, 0.0355996
11974,100.204,35.0133, 375784, -7915.09, 24.2686, 0.0356027
11980,100.201,35.0122, 375784, -7914.24, 24.2684, 0.0355997
11981,100.205,35.0136, 375784, -7915.28, 24.2686, 0.0356035
12001,100.207,35.0136, 375784, -7915.95, 24.2688, 0.0356041
12002,100.184,35.0042, 375786, -7908.88, 24.2671, 0.0355782
12018,100.18,35.0023, 375786, -7907.57, 24.2668, 0.035573
12041,100.181,35.0028, 375786, -7908, 24.2669, 0.0355745
12061,100.176,35.0007, 375787, -7906.37, 24.2666, 0.0355687
12076,100.17,34.9984, 375787, -7904.65, 24.2662, 0.0355623
12084,100.164,34.9956, 375788, -7902.58, 24.2657, 0.0355547
12133,100.165,34.9962, 375788, -7903.08, 24.2658, 0.0355564
12164,100.161,34.9944, 375788, -7901.75, 24.2655, 0.0355515
12187,100.164,34.9955, 375788, -7902.59, 24.2657, 0.0355545
12192,100.166,34.9965, 375787, -7903.35, 24.2659, 0.0355573
12214,100.169,34.9978, 375787, -7904.31, 24.2661, 0.0355608
12217,100.172,34.9988, 375787, -7905.03, 24.2663, 0.0355635
12227,100.175,35, 375787, -7905.94, 24.2665, 0.0355668
12240,100.179,35.0017, 375786, -7907.17, 24.2668, 0.0355714
12259,100.186,35.0048, 375786, -7909.49, 24.2673, 0.0355799
12281,100.189,35.0062, 375786, -7910.54, 24.2675, 0.0355839
12291,100.192,35.0075, 375785, -7911.45, 24.2677, 0.0355873
12295,100.195,35.0087, 375785, -7912.33, 24.2679, 0.0355905
12302,100.188,35.0055, 375786, -7909.94, 24.2674, 0.0355817
12307,100.185,35.0043, 375786, -7909.1, 24.2672, 0.0355785
12309,100.188,35.0056, 375786, -7910.14, 24.2674, 0.0355823
12312,100.19,35.0064, 375785, -7910.7, 24.2676, 0.0355844
12337,100.187,35.0053, 375786, -7909.87, 24.2674, 0.0355814
12354,100.189,35.0059, 375786, -7910.33, 24.2675, 0.035583
12361,100.185,35.0043, 375786, -7909.11, 24.2672, 0.0355786
12372,100.192,35.0073, 375785, -7911.42, 24.2677, 0.035587
12376,100.197,35.0092, 375785, -7912.76, 24.268, 0.035592
12379,100.194,35.0083, 375785, -7912.02, 24.2679, 0.0355894
12418,100.185,35.0045, 375786, -7909.17, 24.2672, 0.035579
12429,100.187,35.0054, 375786, -7909.92, 24.2674, 0.0355815
12432,100.183,35.0036, 375786, -7908.6, 24.2671, 0.0355767
12436,100.19,35.0065, 375785, -7910.83, 24.2676, 0.0355848
12461,100.193,35.0076, 375785, -7911.59, 24.2678, 0.0355876
12462,100.188,35.0055, 375786, -7910.01, 24.2674, 0.0355819
12480,100.19,35.0064, 375785, -7910.83, 24.2676, 0.0355846
12489,100.193,35.0076, 375785, -7911.68, 24.2678, 0.0355877
12499,100.19,35.0062, 375786, -7910.63, 24.2676, 0.0355839
12500,100.185,35.0044, 375786, -7909.29, 24.2672, 0.0355789
12505,100.189,35.0056, 375786, -7910.26, 24.2675, 0.0355824
12508,100.192,35.0073, 375785, -7911.49, 24.2678, 0.0355869
12511,100.195,35.0085, 375785, -7912.4, 24.268, 0.0355903
12528,100.194,35.0078, 375785, -7911.83, 24.2678, 0.0355883
12550,100.196,35.0088, 375785, -7912.58, 24.268, 0.035591
12556,100.193,35.0075, 375785, -7911.59, 24.2678, 0.0355874
12588,100.196,35.0086, 375785, -7912.48, 24.268, 0.0355906
12602,100.177,35.001, 375787, -7906.58, 24.2666, 0.0355695
12646,100.167,34.9971, 375787, -7903.72, 24.266, 0.0355588
12656,100.17,34.9982, 375787, -7904.64, 24.2662, 0.0355619
12684,100.172,34.9988, 375787, -7905.04, 24.2663, 0.0355634
12706,100.176,35.0006, 375787, -7906.38, 24.2666, 0.0355683
12708,100.173,34.9994, 375787, -7905.49, 24.2664, 0.0355652
12711,100.177,35.0012, 375787, -7906.81, 24.2667, 0.03557
12727,100.18,35.0022, 375786, -7907.56, 24.2668, 0.0355727
12739,100.183,35.0036, 375786, -7908.6, 24.2671, 0.0355766
12742,100.185,35.0045, 375786, -7909.32, 24.2673, 0.0355792
12747,100.191,35.0067, 375785, -7910.89, 24.2676, 0.0355851
12761,100.193,35.0077, 375785, -7911.65, 24.2678, 0.0355879
12769,100.196,35.0088, 375785, -7912.5, 24.268, 0.0355911
12800,100.2,35.0105, 375785, -7913.75, 24.2683, 0.0355956
12808,100.196,35.009, 375785, -7912.62, 24.268, 0.0355915
12811,100.199,35.0101, 375785, -7913.47, 24.2682, 0.0355946
12828,100.202,35.0114, 375784, -7914.48, 24.2684, 0.0355982
12831,100.198,35.0097, 375785, -7913.16, 24.2681, 0.0355934
12832,100.194,35.0079, 375785, -7911.82, 24.2678, 0.0355884
12859,100.196,35.0088, 375785, -7912.59, 24.268, 0.035591
12869,100.199,35.01, 375785, -7913.48, 24.2682, 0.0355943
12889,100.202,35.0113, 375784, -7914.46, 24.2684, 0.035598
12890,100.199,35.01, 375785, -7913.41, 24.2682, 0.0355942
12901,100.207,35.0113, 375784, -7915.92, 24.2688, 0.0355991
12902,100.194,35.0061, 375785, -7912.02, 24.2679, 0.0355849
12914,100.198,35.0077, 375785, -7913.26, 24.2682, 0.0355892
12955,100.18,35.0003, 375787, -7907.72, 24.2669, 0.035569
12964,100.188,35.0033, 375786, -7910.04, 24.2674, 0.0355771
12967,100.185,35.0022, 375786, -7909.19, 24.2672, 0.0355742
12980,100.183,35.0012, 375786, -7908.46, 24.267, 0.0355715
12994,100.184,35.0017, 375786, -7908.82, 24.2671, 0.0355728
13009,100.181,35.0004, 375787, -7907.84, 24.2669, 0.0355692
13015,100.185,35.0022, 375786, -7909.21, 24.2672, 0.0355741
13034,100.188,35.0036, 375786, -7910.28, 24.2675, 0.0355781
13057,100.191,35.0047, 375786, -7911.04, 24.2676, 0.0355809
13058,100.196,35.0069, 375785, -7912.68, 24.268, 0.035587
13062,100.201,35.009, 375785, -7914.3, 24.2684, 0.035593
13065,100.197,35.0074, 375785, -7913.07, 24.2681, 0.0355885
13098,100.202,35.0092, 375785, -7914.39, 24.2684, 0.0355933
13114,100.206,35.0109, 375784, -7915.62, 24.2687, 0.0355979
13121,100.212,35.0134, 375784, -7917.5, 24.2691, 0.0356048
13138,100.214,35.0144, 375784, -7918.24, 24.2693, 0.0356077
13144,100.217,35.0156, 375784, -7919.09, 24.2695, 0.0356108
13152,100.22,35.0168, 375783, -7919.97, 24.2697, 0.0356141
13162,100.215,35.015, 375784, -7918.63, 24.2694, 0.0356092
13181,100.21,35.0129, 375784, -7917.1, 24.269, 0.0356034
13202,100.19,35.0046, 375786, -7910.63, 24.2675, 0.0355804
13218,100.185,35.0026, 375786, -7909.32, 24.2672, 0.0355752
13233,100.191,35.0047, 375786, -7910.9, 24.2676, 0.0355809
13234,100.187,35.0031, 375786, -7909.67, 24.2673, 0.0355765
13237,100.191,35.0051, 375786, -7911.21, 24.2677, 0.035582
13241,100.185,35.0027, 375786, -7909.33, 24.2672, 0.0355752
13261,100.183,35.0016, 375786, -7908.59, 24.2671, 0.0355725
13264,100.18,35.0005, 375787, -7907.74, 24.2669, 0.0355693
13265,100.186,35.0027, 375786, -7909.42, 24.2673, 0.0355754
13314,100.183,35.0017, 375786, -7908.61, 24.2671, 0.0355726
13323,100.189,35.004, 375786, -7910.35, 24.2675, 0.0355788
13348,100.191,35.0049, 375786, -7911.07, 24.2676, 0.0355815
13353,100.194,35.0061, 375785, -7911.91, 24.2678, 0.0355846
13356,100.196,35.0071, 375785, -7912.67, 24.268, 0.0355874
13362,100.2,35.0089, 375785, -7914.01, 24.2683, 0.0355924
13364,100.204,35.0106, 375785, -7915.24, 24.2686, 0.035597
13381,100.207,35.0119, 375784, -7916.16, 24.2688, 0.0356005
13398,100.211,35.0132, 375784, -7917.12, 24.2691, 0.0356041
13404,100.208,35.0121, 375784, -7916.27, 24.2689, 0.035601
13416,100.21,35.013, 375784, -7917.02, 24.269, 0.0356037
13429,100.213,35.0142, 375784, -7917.86, 24.2692, 0.0356068
13434,100.209,35.0127, 375784, -7916.73, 24.269, 0.0356028
13442,100.212,35.0139, 375784, -7917.64, 24.2692, 0.035606
13443,100.209,35.0126, 375784, -7916.65, 24.2689, 0.0356024
13444,100.204,35.0104, 375785, -7915.07, 24.2686, 0.0355965
13477,100.208,35.0121, 375784, -7916.45, 24.2689, 0.0356013
13490,100.203,35.0101, 375785, -7914.91, 24.2685, 0.0355958
13491,100.199,35.0083, 375785, -7913.57, 24.2682, 0.0355907
13493,100.202,35.0094, 375785, -7914.46, 24.2684, 0.0355939
13501,100.212,35.0094, 375784, -7917.56, 24.2691, 0.0355965
13502,100.199,35.0042, 375786, -7913.55, 24.2682, 0.0355819
13513,100.202,35.0055, 375785, -7914.61, 24.2685, 0.0355855
13527,100.206,35.007, 375785, -7915.73, 24.2687, 0.0355897
13539,100.207,35.0077, 375785, -7916.24, 24.2688, 0.0355917
13547,100.211,35.0094, 375785, -7917.48, 24.2691, 0.0355962
13549,100.209,35.0083, 375785, -7916.63, 24.2689, 0.0355932
13558,100.216,35.0113, 375784, -7918.95, 24.2695, 0.0356016
13569,100.219,35.0124, 375784, -7919.68, 24.2696, 0.0356045
13597,100.214,35.0107, 375784, -7918.36, 24.2693, 0.0355997
13630,100.218,35.0122, 375784, -7919.6, 24.2696, 0.0356041
13636,100.221,35.0134, 375784, -7920.45, 24.2698, 0.0356073
13639,100.224,35.0146, 375783, -7921.36, 24.27, 0.0356107
13641,100.228,35.0163, 375783, -7922.6, 24.2703, 0.0356153
13647,100.224,35.0149, 375783, -7921.52, 24.2701, 0.0356114
13653,100.227,35.0158, 375783, -7922.27, 24.2702, 0.035614
13654,100.229,35.0169, 375783, -7923.03, 24.2704, 0.0356168
13656,100.226,35.0155, 375783, -7922.02, 24.2702, 0.0356131
13678,100.229,35.0168, 375783, -7922.99, 24.2704, 0.0356166
13688,100.234,35.0186, 375783, -7924.37, 24.2707, 0.0356217
13689,100.236,35.0197, 375782, -7925.11, 24.2709, 0.0356245
13710,100.239,35.0208, 375782, -7925.96, 24.2711, 0.0356276
13712,100.235,35.0192, 375783, -7924.72, 24.2708, 0.0356231
13717,100.24,35.0212, 375782, -7926.34, 24.2712, 0.0356289
13725,100.236,35.0196, 375782, -7925.09, 24.2709, 0.0356244
13746,100.239,35.0209, 375782, -7926.08, 24.2711, 0.035628
13762,100.234,35.0188, 375783, -7924.44, 24.2707, 0.035622
13775,100.237,35.0199, 375782, -7925.33, 24.2709, 0.0356252
13786,100.233,35.0185, 375783, -7924.27, 24.2707, 0.0356214
13793,100.236,35.0197, 375782, -7925.19, 24.2709, 0.0356246
13801,100.227,35.0179, 375783, -7922.41, 24.2703, 0.0356185
13802,100.206,35.0089, 375785, -7915.7, 24.2687, 0.0355938
13818,100.199,35.0059, 375785, -7913.62, 24.2682, 0.0355858
13823,100.195,35.0043, 375786, -7912.41, 24.268, 0.0355812
13839,100.193,35.0031, 375786, -7911.6, 24.2678, 0.0355781
13849,100.198,35.0053, 375785, -7913.21, 24.2681, 0.035584
13866,100.195,35.004, 375786, -7912.23, 24.2679, 0.0355804
13880,100.198,35.0052, 375785, -7913.13, 24.2681, 0.0355837
13919,100.195,35.0042, 375786, -7912.46, 24.268, 0.035581
13922,100.201,35.0065, 375785, -7914.26, 24.2684, 0.0355875
13949,100.203,35.0075, 375785, -7914.98, 24.2685, 0.0355902
13952,100.207,35.0092, 375785, -7916.21, 24.2688, 0.0355948
13953,100.211,35.0105, 375784, -7917.17, 24.2691, 0.0355984
13954,100.213,35.0115, 375784, -7917.93, 24.2692, 0.0356012
13964,100.209,35.01, 375784, -7916.8, 24.269, 0.0355971
13965,100.212,35.0112, 375784, -7917.72, 24.2692, 0.0356004
13969,100.208,35.0095, 375785, -7916.39, 24.2689, 0.0355956
13970,100.21,35.0104, 375784, -7917.14, 24.269, 0.0355982
14004,100.213,35.0116, 375784, -7917.99, 24.2692, 0.0356014
14011,100.216,35.0127, 375784, -7918.79, 24.2694, 0.0356044
14013,100.224,35.0161, 375783, -7921.35, 24.27, 0.0356138
14033,100.221,35.015, 375783, -7920.44, 24.2698, 0.0356107
14038,100.224,35.0161, 375783, -7921.33, 24.27, 0.0356139
14066,100.227,35.0176, 375783, -7922.4, 24.2703, 0.0356179
14068,100.23,35.0188, 375783, -7923.25, 24.2705, 0.0356211
14070,100.234,35.0205, 375782, -7924.5, 24.2708, 0.0356257
14101,100.239,35.0205, 375782, -7926.01, 24.2711, 0.035627
14102,100.216,35.0109, 375784, -7918.76, 24.2694, 0.0356005
14105,100.22,35.0123, 375784, -7920.01, 24.2697, 0.0356046
14143,100.224,35.0143, 375783, -7921.53, 24.2701, 0.0356101
14156,100.235,35.0188, 375783, -7924.84, 24.2708, 0.0356223
14158,100.232,35.0177, 375783, -7923.95, 24.2706, 0.0356193
14200,100.227,35.0153, 375783, -7922.23, 24.2702, 0.0356128
14210,100.223,35.0136, 375784, -7921.01, 24.2699, 0.0356083
14213,100.227,35.0154, 375783, -7922.34, 24.2702, 0.035613
14219,100.232,35.0172, 375783, -7923.71, 24.2706, 0.0356182
14222,100.238,35.0198, 375782, -7925.62, 24.271, 0.0356252
14243,100.242,35.0215, 375782, -7926.85, 24.2713, 0.0356299
14248,100.245,35.0228, 375782, -7927.77, 24.2715, 0.0356333
14250,100.247,35.0238, 375782, -7928.49, 24.2717, 0.035636
14253,100.249,35.0248, 375781, -7929.23, 24.2718, 0.0356388
14254,100.252,35.0258, 375781, -7929.99, 24.272, 0.0356416
14263,100.248,35.0244, 375781, -7928.91, 24.2718, 0.0356377
14269,100.251,35.0256, 375781, -7929.88, 24.272, 0.0356412
14276,100.245,35.0232, 375782, -7928.03, 24.2716, 0.0356345
14280,100.241,35.0215, 375782, -7926.8, 24.2713, 0.0356298
14295,100.238,35.0202, 375782, -7925.88, 24.2711, 0.0356264
14299,100.241,35.0214, 375782, -7926.78, 24.2713, 0.0356295
14329,100.245,35.0229, 375782, -7927.91, 24.2715, 0.0356338
14333,100.241,35.0212, 375782, -7926.59, 24.2712, 0.035629
14338,100.245,35.023, 375782, -7927.93, 24.2715, 0.0356339
14342,100.24,35.0208, 375782, -7926.29, 24.2712, 0.0356279
14387,100.243,35.0222, 375782, -7927.41, 24.2714, 0.0356317
14394,100.239,35.0204, 375782, -7926.03, 24.2711, 0.0356267
14402,100.2,35.0042, 375786, -7914, 24.2683, 0.0355822
14407,100.204,35.0055, 375785, -7915.22, 24.2686, 0.035586
14426,100.201,35.0043, 375785, -7914.33, 24.2684, 0.0355829
14455,100.198,35.0028, 375786, -7913.22, 24.2681, 0.0355786
